164,56,18:17
164,56,18:17
164,56,18:17
164,56,18:17
164,56,18:17
944,161,18:17
944,161,18:17
944,161,18:17
944,161,18:17
944,161,18:17
152,177,18:17
152,177,18:17
152,177,18:17
152,177,18:17
152,177,18:17
171,539,18:17
171,539,18:17
171,539,18:17
171,539,18:17
171,539,18:17
1203,551,18:17
1203,551,18:17
1203,551,18:17
1203,551,18:17
476,324,18:17
476,324,18:17
476,324,18:17
476,324,18:17
476,324,18:17
476,324,18:17
476,324,18:17
503,95,08:35
105,728,08:37
101,721,08:37
101,721,08:37
101,721,08:37
101,721,08:37
101,721,08:37
103,730,08:38
91,724,08:38
110,719,08:38
110,719,08:38
112,720,08:38
112,720,08:38
112,720,08:38
112,720,08:38
112,720,08:38
112,720,08:38
117,718,08:38
95,720,08:39
95,720,08:39
95,720,08:39
104,720,08:39
104,720,08:39
104,720,08:39
80,728,08:40
80,728,08:40
80,728,08:40
80,728,08:40
80,728,08:40
80,728,08:40
80,728,08:40
103,728,08:40
0,0,08:41
110,732,08:41
106,722,08:42
105,722,08:42
105,722,08:42
105,722,08:42
105,722,08:42
106,722,08:43
106,722,08:43
106,722,08:43
106,722,08:43
106,722,08:43
97,726,08:44
97,726,08:44
97,726,08:44
97,726,08:44
102,713,08:44
177,70,09:21
177,70,09:21
177,70,09:21
177,70,09:21
177,70,09:21
172,272,09:21
172,272,09:21
172,272,09:21
243,672,09:21
243,672,09:21
828,380,09:21
828,380,09:21
828,380,09:21
770,136,09:22
770,136,09:22
770,136,09:22
770,136,09:22
770,136,09:22
770,136,09:22
770,136,09:22
770,136,09:22
770,136,09:22
770,136,09:22
770,136,09:22
770,136,09:22
0,166,09:22
0,166,09:22
0,166,09:22
0,166,09:22
0,166,09:22
1282,779,09:29
